Country;Pays;Code ISO Alpha2;Code ISO Alpha3;Continent;URL Drapeau
Afghanistan;Afghanistan;AF;AFG;Asie;https://www.drapeauxdespays.fr/data/flags/w702/af.webp
South Africa;Afrique du Sud;ZA;ZAF;Afrique;https://www.drapeauxdespays.fr/data/flags/w702/za.webp
Albania;Albanie;AL;ALB;Europe;https://www.drapeauxdespays.fr/data/flags/w702/al.webp
Algeria;Algérie;DZ;DZA;Afrique;https://www.drapeauxdespays.fr/data/flags/w702/dz.webp
Germany;Allemagne;DE;DEU;Europe;https://www.drapeauxdespays.fr/data/flags/w702/de.webp
Angola;Angola;AO;AGO;Afrique;https://www.drapeauxdespays.fr/data/flags/w702/ao.webp
Saudi Arabia;Arabie Saoudite;SA;SAU;Asie;https://www.drapeauxdespays.fr/data/flags/w702/sa.webp
Argentina;Argentine;AR;ARG;Amérique S.;https://www.drapeauxdespays.fr/data/flags/w702/ar.webp
Armenia;Arménie;AM;ARM;Asie;https://www.drapeauxdespays.fr/data/flags/w702/am.webp
Australia;Australie;AU;AUS;Océanie;https://www.drapeauxdespays.fr/data/flags/w702/au.webp
Austria;Autriche;AT;AUT;Europe;https://www.drapeauxdespays.fr/data/flags/w702/at.webp
Azerbaijan;Azerbaïdjan;AZ;AZE;Asie;https://www.drapeauxdespays.fr/data/flags/w702/az.webp
Bahamas;Bahamas;BS;BHS;Amérique N.;https://www.drapeauxdespays.fr/data/flags/w702/bs.webp
Bahrain;Bahreïn;BH;BHR;Asie;https://www.drapeauxdespays.fr/data/flags/w702/bh.webp
Bangladesh;Bangladesh;BD;BGD;Asie;https://www.drapeauxdespays.fr/data/flags/w702/bd.webp
Belgium;Belgique;BE;BEL;Europe;https://www.drapeauxdespays.fr/data/flags/w702/be.webp
Belize;Belize;BZ;BLZ;Amérique N.;https://www.drapeauxdespays.fr/data/flags/w702/bz.webp
Benin;Bénin;BJ;BEN;Afrique;https://www.drapeauxdespays.fr/data/flags/w702/bj.webp
Bhutan;Bhoutan;BT;BTN;Asie;https://www.drapeauxdespays.fr/data/flags/w702/bt.webp
Belarus;Biélorussie;BY;BLR;Europe;https://www.drapeauxdespays.fr/data/flags/w702/by.webp
Burma/Myanmar;Birmanie;MM;MMR;Asie;https://www.drapeauxdespays.fr/data/flags/w702/mm.webp
Bolivia;Bolivie;BO;BOL;Amérique S.;https://www.drapeauxdespays.fr/data/flags/w702/bo.webp
Bosnia and Herzegovina;Bosnie-Herzégovine;BA;BIH;Europe;https://www.drapeauxdespays.fr/data/flags/w702/ba.webp
Botswana;Botswana;BW;BWA;Afrique;https://www.drapeauxdespays.fr/data/flags/w702/bw.webp
Brazil;Brésil;BR;BRA;Amérique S.;https://www.drapeauxdespays.fr/data/flags/w702/br.webp
Brunei;Brunéi;BN;BRN;Asie;https://www.drapeauxdespays.fr/data/flags/w702/bn.webp
Bulgaria;Bulgarie;BG;BGR;Europe;https://www.drapeauxdespays.fr/data/flags/w702/bg.webp
Burkina;Burkina Faso;BF;BFA;Afrique;https://www.drapeauxdespays.fr/data/flags/w702/bf.webp
Burundi;Burundi;BI;BDI;Afrique;https://www.drapeauxdespays.fr/data/flags/w702/bi.webp
Cambodia;Cambodge;KH;KHM;Asie;https://www.drapeauxdespays.fr/data/flags/w702/kh.webp
Cameroon;Cameroun;CM;CMR;Afrique;https://www.drapeauxdespays.fr/data/flags/w702/cm.webp
Canada;Canada;CA;CAN;Amérique N.;https://www.drapeauxdespays.fr/data/flags/w702/ca.webp
Cape Verde;Cap Vert;CV;CPV;Afrique;https://www.drapeauxdespays.fr/data/flags/w702/cv.webp
Chile;Chili;CL;CHL;Amérique S.;https://www.drapeauxdespays.fr/data/flags/w702/cl.webp
China;Chine;CN;CHN;Asie;https://www.drapeauxdespays.fr/data/flags/w702/cn.webp
Cyprus;Chypre;CY;CYP;Asie;https://www.drapeauxdespays.fr/data/flags/w702/cy.webp
Colombia;Colombie;CO;COL;Amérique S.;https://www.drapeauxdespays.fr/data/flags/w702/co.webp
Comoros;Comores;KM;COM;Afrique;https://www.drapeauxdespays.fr/data/flags/w702/km.webp
Congo;Congo;CD;COD;Afrique;https://www.drapeauxdespays.fr/data/flags/w702/cd.webp
North Korea;Corée du Nord;KP;PRK;Asie;https://www.drapeauxdespays.fr/data/flags/w702/kp.webp
South Korea;Corée du Sud;KR;KOR;Asie;https://www.drapeauxdespays.fr/data/flags/w702/kr.webp
Costa Rica;Costa Rica;CR;CRI;Amérique N.;https://www.drapeauxdespays.fr/data/flags/w702/cr.webp
Ivory Coast;Côte d’Ivoire;CI;CIV;Afrique;https://www.drapeauxdespays.fr/data/flags/w702/ci.webp
Croatia;Croatie;HR;HRV;Europe;https://www.drapeauxdespays.fr/data/flags/w702/hr.webp
Cuba;Cuba;CU;CUB;Amérique N.;https://www.drapeauxdespays.fr/data/flags/w702/cu.webp
Denmark;Danemark;DK;DNK;Europe;https://www.drapeauxdespays.fr/data/flags/w702/dk.webp
Egypt;Egypte;EG;EGY;Afrique;https://www.drapeauxdespays.fr/data/flags/w702/eg.webp
United Arab Emirates;Emirats Arabes unis;AE;ARE;Asie;https://www.drapeauxdespays.fr/data/flags/w702/ae.webp
Ecuador;Equateur;EC;ECU;Amérique S.;https://www.drapeauxdespays.fr/data/flags/w702/ec.webp
Eritrea;Érythrée;ER;ERI;Afrique;https://www.drapeauxdespays.fr/data/flags/w702/er.webp
Spain;Espagne;ES;ESP;Europe;https://www.drapeauxdespays.fr/data/flags/w702/es.webp
Estonia;Estonie;EE;EST;Europe;https://www.drapeauxdespays.fr/data/flags/w702/ee.webp
Swaziland;Eswatini;SZ;SWZ;Afrique;https://www.drapeauxdespays.fr/data/flags/w702/sz.webp
United States;Etats-Unis;US;USA;Amérique N.;https://www.drapeauxdespays.fr/data/flags/w702/us.webp
United States;USA;US;USA;Amérique N.;https://www.drapeauxdespays.fr/data/flags/w702/us.webp
Ethiopia;Éthiopie;ET;ETH;Afrique;https://www.drapeauxdespays.fr/data/flags/w702/et.webp
Fiji;Fidji;FJ;FJI;Océanie;https://www.drapeauxdespays.fr/data/flags/w702/fj.webp
Finland;Finlande;FI;FIN;Europe;https://www.drapeauxdespays.fr/data/flags/w702/fi.webp
France;France;FR;FRA;Europe;https://www.drapeauxdespays.fr/data/flags/w702/fr.webp
Gabon;Gabon;GA;GAB;Afrique;https://www.drapeauxdespays.fr/data/flags/w702/ga.webp
Gambia;Gambie;GM;GMB;Afrique;https://www.drapeauxdespays.fr/data/flags/w702/gm.webp
Georgia;Géorgie;GE;GEO;Asie;https://www.drapeauxdespays.fr/data/flags/w702/ge.webp
Ghana;Ghana;GH;GHA;Afrique;https://www.drapeauxdespays.fr/data/flags/w702/gh.webp
Greece;Grèce;GR;GRC;Europe;https://www.drapeauxdespays.fr/data/flags/w702/gr.webp
Grenada;Grenade;GD;GRD;Amérique N.;https://www.drapeauxdespays.fr/data/flags/w702/gd.webp
Guatemala;Guatemala;GT;GTM;Amérique N.;https://www.drapeauxdespays.fr/data/flags/w702/gt.webp
Guinea;Guinée;GN;GIN;Afrique;https://www.drapeauxdespays.fr/data/flags/w702/gn.webp
Equatorial Guinea;Guinée Equatoriale;GQ;GNQ;Afrique;https://www.drapeauxdespays.fr/data/flags/w702/gq.webp
Guyana;Guyane;GF;GUF;Amérique S.;https://www.drapeauxdespays.fr/data/flags/w702/gf.webp
Haiti;Haïti;HT;HTI;Amérique N.;https://www.drapeauxdespays.fr/data/flags/w702/ht.webp
Honduras;Honduras;HN;HND;Amérique N.;https://www.drapeauxdespays.fr/data/flags/w702/hn.webp
Hungary;Hongrie;HU;HUN;Europe;https://www.drapeauxdespays.fr/data/flags/w702/hu.webp
Cook Islands;Iles Cook;CK;COK;Océanie;https://www.drapeauxdespays.fr/data/flags/w702/ck.webp
Marshall Islands;Iles Marshall;MH;MHL;Océanie;https://www.drapeauxdespays.fr/data/flags/w702/mh.webp
Solomon Islands;Iles Salomon;SB;SLB;Océanie;https://www.drapeauxdespays.fr/data/flags/w702/sb.webp
India;Inde;IN;IND;Asie;https://www.drapeauxdespays.fr/data/flags/w702/in.webp
Indonesia;Indonésie;ID;IDN;Asie;https://www.drapeauxdespays.fr/data/flags/w702/id.webp
Iran;Iran;IR;IRN;Asie;https://www.drapeauxdespays.fr/data/flags/w702/ir.webp
Iraq;Iraq;IQ;IRQ;Asie;https://www.drapeauxdespays.fr/data/flags/w702/iq.webp
Ireland;Irlande;IE;IRL;Europe;https://www.drapeauxdespays.fr/data/flags/w702/ie.webp
Iceland;Islande;IS;ISL;Europe;https://www.drapeauxdespays.fr/data/flags/w702/is.webp
Israel;Israël;IL;ISR;Asie;https://www.drapeauxdespays.fr/data/flags/w702/il.webp
Italy;Italie;IT;ITA;Europe;https://www.drapeauxdespays.fr/data/flags/w702/it.webp
Jamaica;Jamaïque;JM;JAM;Amérique N.;https://www.drapeauxdespays.fr/data/flags/w702/jm.webp
Japan;Japon;JP;JPN;Asie;https://www.drapeauxdespays.fr/data/flags/w702/jp.webp
Jordan;Jordanie;JO;JOR;Asie;https://www.drapeauxdespays.fr/data/flags/w702/jo.webp
Kazakhstan;Kazakhstan;KZ;KAZ;Asie;https://www.drapeauxdespays.fr/data/flags/w702/kz.webp
Kenya;Kenya;KE;KEN;Afrique;https://www.drapeauxdespays.fr/data/flags/w702/ke.webp
Kyrgyzstan;Kirghizistan;KG;KGZ;Asie;https://www.drapeauxdespays.fr/data/flags/w702/kg.webp
Kuwait;Koweït;KW;KWT;Asie;https://www.drapeauxdespays.fr/data/flags/w702/kw.webp
Laos;Laos;LA;LAO;Asie;https://www.drapeauxdespays.fr/data/flags/w702/la.webp
Lesotho;Lesotho;LS;LSO;Afrique;https://www.drapeauxdespays.fr/data/flags/w702/ls.webp
Latvia;Lettonie;LV;LVA;Europe;https://www.drapeauxdespays.fr/data/flags/w702/lv.webp
Lebanon;Liban;LB;LBN;Asie;https://www.drapeauxdespays.fr/data/flags/w702/lb.webp
Liberia;Libéria;LR;LBR;Afrique;https://www.drapeauxdespays.fr/data/flags/w702/lr.webp
Libya;Libye;LY;LBY;Afrique;https://www.drapeauxdespays.fr/data/flags/w702/ly.webp
Lithuania;Lituanie;LT;LTU;Europe;https://www.drapeauxdespays.fr/data/flags/w702/lt.webp
Luxembourg;Luxembourg;LU;LUX;Europe;https://www.drapeauxdespays.fr/data/flags/w702/lu.webp
Macedonia;Macédoine;MK;MKD;Europe;https://www.drapeauxdespays.fr/data/flags/w702/mk.webp
Madagascar;Madagascar;MG;MDG;Afrique;https://www.drapeauxdespays.fr/data/flags/w702/mg.webp
Malaysia;Malaisie;MY;MYS;Asie;https://www.drapeauxdespays.fr/data/flags/w702/my.webp
Malawi;Malawi;MW;MWI;Afrique;https://www.drapeauxdespays.fr/data/flags/w702/mw.webp
Maldives;Maldives;MV;MDV;Asie;https://www.drapeauxdespays.fr/data/flags/w702/mv.webp
Mali;Mali;ML;MLI;Afrique;https://www.drapeauxdespays.fr/data/flags/w702/ml.webp
Malta;Malte;MT;MLT;Europe;https://www.drapeauxdespays.fr/data/flags/w702/mt.webp
Morocco;Maroc;MA;MAR;Afrique;https://www.drapeauxdespays.fr/data/flags/w702/ma.webp
Mauritius;Maurice;MU;MUS;Afrique;https://www.drapeauxdespays.fr/data/flags/w702/mu.webp
Mauritania;Mauritanie;MR;MRT;Afrique;https://www.drapeauxdespays.fr/data/flags/w702/mr.webp
Mexico;Mexique;MX;MEX;Amérique N.;https://www.drapeauxdespays.fr/data/flags/w702/mx.webp
Micronesia;Micronésie;FM;FSM;Océanie;https://www.drapeauxdespays.fr/data/flags/w702/fm.webp
Moldova;Moldavie;MD;MDA;Europe;https://www.drapeauxdespays.fr/data/flags/w702/md.webp
Monaco;Monaco;MC;MCO;Europe;https://www.drapeauxdespays.fr/data/flags/w702/mc.webp
Mongolia;Mongolie;MN;MNG;Asie;https://www.drapeauxdespays.fr/data/flags/w702/mn.webp
Mozambique;Mozambique;MZ;MOZ;Afrique;https://www.drapeauxdespays.fr/data/flags/w702/mz.webp
Namibia;Namibie;NA;NAM;Afrique;https://www.drapeauxdespays.fr/data/flags/w702/na.webp
Nepal;Népal;NP;NPL;Asie;https://www.drapeauxdespays.fr/data/flags/w702/np.webp
Nicaragua;Nicaragua;NI;NIC;Amérique N.;https://www.drapeauxdespays.fr/data/flags/w702/ni.webp
Niger;Niger;NE;NER;Afrique;https://www.drapeauxdespays.fr/data/flags/w702/ne.webp
Nigeria;Nigéria;NG;NGA;Afrique;https://www.drapeauxdespays.fr/data/flags/w702/ng.webp
Norway;Norvège;NO;NOR;Europe;https://www.drapeauxdespays.fr/data/flags/w702/no.webp
New Zealand;Nouvelle-Zélande;NZ;NZL;Océanie;https://www.drapeauxdespays.fr/data/flags/w702/nz.webp
Oman;Oman;OM;OMN;Asie;https://www.drapeauxdespays.fr/data/flags/w702/om.webp
Uganda;Ouganda;UG;UGA;Afrique;https://www.drapeauxdespays.fr/data/flags/w702/ug.webp
Uzbekistan;Ouzbékistan;UZ;UZB;Asie;https://www.drapeauxdespays.fr/data/flags/w702/uz.webp
Pakistan;Pakistan;PK;PAK;Asie;https://www.drapeauxdespays.fr/data/flags/w702/pk.webp
Palau;Palaos;PW;PLW;Océanie;https://www.drapeauxdespays.fr/data/flags/w702/pw.webp
Panama;Panama;PA;PAN;Amérique N.;https://www.drapeauxdespays.fr/data/flags/w702/pa.webp
Papua New Guinea;Papouasie-Nouvelle-Guinée;PG;PNG;Océanie;https://www.drapeauxdespays.fr/data/flags/w702/pg.webp
Paraguay;Paraguay;PY;PRY;Amérique S.;https://www.drapeauxdespays.fr/data/flags/w702/py.webp
Netherlands;Pays-Bas;NL;NLD;Europe;https://www.drapeauxdespays.fr/data/flags/w702/nl.webp
Peru;Pérou;PE;PER;Amérique S.;https://www.drapeauxdespays.fr/data/flags/w702/pe.webp
Philippines;Philippines;PH;PHL;Asie;https://www.drapeauxdespays.fr/data/flags/w702/ph.webp
Poland;Pologne;PL;POL;Europe;https://www.drapeauxdespays.fr/data/flags/w702/pl.webp
Portugal;Portugal;PT;PRT;Europe;https://www.drapeauxdespays.fr/data/flags/w702/pt.webp
Qatar;Qatar;QA;QAT;Asie;https://www.drapeauxdespays.fr/data/flags/w702/qa.webp
Dominican Republic;République Dominicaine;DO;DOM;Amérique N.;https://www.drapeauxdespays.fr/data/flags/w702/do.webp
Romania;Roumanie;RO;ROU;Europe;https://www.drapeauxdespays.fr/data/flags/w702/ro.webp
United Kingdom;Royaume-Uni;GB;GBR;Europe;https://www.drapeauxdespays.fr/data/flags/w702/gb.webp
United Kingdom;Angleterre;GB;GBR;Europe;https://www.drapeauxdespays.fr/data/flags/w702/gb.webp
Russia;Russie;RU;RUS;Europe;https://www.drapeauxdespays.fr/data/flags/w702/ru.webp
Rwanda;Rwanda;RW;RWA;Afrique;https://www.drapeauxdespays.fr/data/flags/w702/rw.webp
El Salvador;Salvador;SV;SLV;Amérique S.;https://www.drapeauxdespays.fr/data/flags/w702/sv.webp
Samoa;Samoa;WS;WSM;Océanie;https://www.drapeauxdespays.fr/data/flags/w702/ws.webp
Senegal;Sénégal;SN;SEN;Afrique;https://www.drapeauxdespays.fr/data/flags/w702/sn.webp
Serbia;Serbie;RS;SRB;Europe;https://www.drapeauxdespays.fr/data/flags/w702/rs.webp
Seychelles;Seychelles;SC;SYC;Afrique;https://www.drapeauxdespays.fr/data/flags/w702/sc.webp
Sierra Leone;Sierra leone;SL;SLE;Afrique;https://www.drapeauxdespays.fr/data/flags/w702/sl.webp
Singapore;Singapour;SG;SGP;Asie;https://www.drapeauxdespays.fr/data/flags/w702/sg.webp
Slovakia;Slovaquie;SK;SVK;Europe;https://www.drapeauxdespays.fr/data/flags/w702/sk.webp
Slovenia;Slovénie;SI;SVN;Europe;https://www.drapeauxdespays.fr/data/flags/w702/si.webp
Somalia;Somalie;SO;SOM;Afrique;https://www.drapeauxdespays.fr/data/flags/w702/so.webp
Sudan;Soudan;SD;SDN;Afrique;https://www.drapeauxdespays.fr/data/flags/w702/sd.webp
Sri Lanka;Sri Lanka;LK;LKA;Asie;https://www.drapeauxdespays.fr/data/flags/w702/lk.webp
Sweden;Suède;SE;SWE;Europe;https://www.drapeauxdespays.fr/data/flags/w702/se.webp
Switzerland;Suisse;CH;CHE;Europe;https://www.drapeauxdespays.fr/data/flags/w702/ch.webp
Suriname;Suriname;SR;SUR;Amérique S.;https://www.drapeauxdespays.fr/data/flags/w702/sr.webp
Syria;Syrie;SY;SYR;Asie;https://www.drapeauxdespays.fr/data/flags/w702/sy.webp
Tajikistan;Tadjikistan;TJ;TJK;Asie;https://www.drapeauxdespays.fr/data/flags/w702/tj.webp
Tanzania;Tanzanie;TZ;TZA;Afrique;https://www.drapeauxdespays.fr/data/flags/w702/tz.webp
Chad;Tchad;TD;TCD;Afrique;https://www.drapeauxdespays.fr/data/flags/w702/td.webp
Czech Republic;Tchéquie;CZ;CZE;Europe;https://www.drapeauxdespays.fr/data/flags/w702/cz.webp
Thailand;Thaïlande;TH;THA;Asie;https://www.drapeauxdespays.fr/data/flags/w702/th.webp
Togo;Togo;TG;TGO;Afrique;https://www.drapeauxdespays.fr/data/flags/w702/tg.webp
Tonga;Tonga;TO;TON;Océanie;https://www.drapeauxdespays.fr/data/flags/w702/to.webp
Tunisia;Tunisie;TN;TUN;Afrique;https://www.drapeauxdespays.fr/data/flags/w702/tn.webp
Turkey;Turquie;TR;TUR;Asie;https://www.drapeauxdespays.fr/data/flags/w702/tr.webp
Ukraine;Ukraine;UA;UKR;Europe;https://www.drapeauxdespays.fr/data/flags/w702/ua.webp
Uruguay;Uruguay;UY;URY;Amérique S.;https://www.drapeauxdespays.fr/data/flags/w702/uy.webp
Vanuatu;Vanuatu;VU;VUT;Océanie;https://www.drapeauxdespays.fr/data/flags/w702/vu.webp
Venezuela;Venezuela;VE;VEN;Amérique S.;https://www.drapeauxdespays.fr/data/flags/w702/ve.webp
Vietnam;Vietnam;VN;VNM;Asie;https://www.drapeauxdespays.fr/data/flags/w702/vn.webp
Yemen;Yémen;YE;YEM;Asie;https://www.drapeauxdespays.fr/data/flags/w702/ye.webp
Zambia;Zambie;ZM;ZMB;Afrique;https://www.drapeauxdespays.fr/data/flags/w702/zm.webp
Zimbabwe;Zimbabwe;ZW;ZWE;Afrique;https://www.drapeauxdespays.fr/data/flags/w702/zw.webp
